https://noithattheone.vn/phong-cach-noi-that/huong-ban-lam-viec.html,Bài viết,URL,Mô hình,Anchor text DM,,,Anchor text Từ khoá chính
1,hướng bàn làm việc,https://noithattheone.vn/tin-tuc/huong-ban-lam-viec.html,,,,,chọn hướng bàn làm việc năm 2025
2,chọn hướng bàn làm việc năm 2025,,,,,,hướng kê bàn làm việc tuổi quý hợi
3,hướng kê bàn làm việc tuổi quý hợi,https://noithattheone.vn/tin-tuc/huong-ke-ban-lam-viec-tuoi-quy-hoi.html ,,,,,kê bàn làm việc theo tuổi
4,hướng bàn làm việc theo tuổi,,,,,,hướng bàn làm việc tuổi canh ngọ
5,hướng bàn làm việc tuổi canh ngọ,https://noithattheone.vn/tin-tuc/huong-ban-lam-viec-tuoi-canh-ngo.html ,,,,,phong thủy bàn làm việc mệnh kim
6,phong thủy bàn làm việc mệnh kim,https://noithattheone.vn/tin-tuc/phong-thuy-ban-lam-viec-cho-nguoi-menh-kim.html ,,,,,phong thủy bàn làm việc mệnh mộc
7,phong thủy bàn làm việc mệnh mộc,https://noithattheone.vn/tin-tuc/phong-thuy-ban-lam-viec-menh-moc.html ,,,,,phong thủy bàn làm việc mệnh thủy
8,phong thủy bàn làm việc mệnh thủy,https://noithattheone.vn/tin-tuc/phong-thuy-ban-lam-viec-menh-thuy.html ,,,,,phong thủy bàn làm việc cho người mệnh hỏa
9,phong thủy bàn làm việc cho người mệnh hỏa,https://noithattheone.vn/tin-tuc/phong-thuy-ban-lam-viec-cho-nguoi-menh-hoa.html ,,,,,phong thủy bàn làm việc cho người mệnh thổ
10,phong thủy bàn làm việc cho người mệnh thổ,https://noithattheone.vn/tin-tuc/phong-thuy-ban-lam-viec-cho-nguoi-menh-tho.html ,,,,,phong thủy đặt bàn làm việc tại cơ quan
11,phong thủy đặt bàn làm việc tại cơ quan,,,,,,mệnh hoả hợp cây gì để bàn làm việc
12,mệnh hoả hợp cây gì để bàn làm việc,https://noithattheone.vn/tin-tuc/menh-hoa-hop-cay-gi-de-ban-lam-viec.html ,,,,,mệnh kim hợp cây gì để bàn làm việc
13,mệnh kim hợp cây gì để bàn làm việc,https://noithattheone.vn/tin-tuc/menh-kim-hop-cay-gi-de-ban-lam-viec.html ,,,,,mệnh mộc hợp cây gì để bàn làm việc
14,mệnh mộc hợp cây gì để bàn làm việc,https://noithattheone.vn/tin-tuc/menh-moc-hop-cay-gi-de-ban-lam-viec.html ,,,,,mệnh thổ hợp cây gì để bàn làm việc
15,mệnh thổ hợp cây gì để bàn làm việc,https://noithattheone.vn/tin-tuc/menh-tho-hop-cay-gi-de-ban-lam-viec.html ,,,,,mệnh thuỷ hợp cây gì để bàn làm việc
16,mệnh thuỷ hợp cây gì để bàn làm việc,https://noithattheone.vn/tin-tuc/menh-thuy-hop-cay-gi-de-ban-lam-viec.html ,,,,,vật phong thủy để bàn làm việc tuổi quý hợi
17,vật phong thủy để bàn làm việc tuổi quý hợi,https://noithattheone.vn/tin-tuc/vat-phong-thuy-de-ban-lam-viec-tuoi-quy-hoi.html ,,,,,quy định về hướng bàn làm việc
18,quy định về hướng bàn làm việc,,,,,,kê bàn làm việc đối diện cửa ra vào
19,bàn làm việc đối diện cửa ra vào,https://noithattheone.vn/tin-tuc/ban-lam-viec-doi-dien-cua-ra-vao.html ,,,,,kê bàn làm việc trong phòng ngủ
20,kê bàn làm việc trong phòng ngủ,https://noithattheone.vn/tin-tuc/ke-ban-lam-viec-trong-phong-ngu.html ,,,,,trang trí bàn làm việc tại văn phòng
21,trang trí bàn làm việc tại văn phòng,https://noithattheone.vn/tin-tuc/trang-tri-ban-lam-viec-tai-van-phong.html ,,,,,kê bàn học góc nhà có tốt không
22,kê bàn học góc nhà có tốt không,https://noithattheone.vn/tin-tuc/ke-ban-hoc-goc-nha-co-tot-khong.html ,,,,,kê bàn học theo phong thủy
23,kê bàn học hợp phong thủy,https://noithattheone.vn/tin-tuc/ke-ban-hoc-hop-phong-thuy.html ,,,,,hướng kê bàn học cho tuổi 2015
24,hướng kê bàn học cho tuổi 2015,https://noithattheone.vn/tin-tuc/huong-ke-ban-hoc-cho-tuoi-2015.html ,,,,,hướng kê bàn học cho tuổi 2018
25,hướng kê bàn học cho tuổi 2018,https://noithattheone.vn/tin-tuc/huong-ke-ban-hoc-cho-tuoi-2018.html ,,,,,Cách lắp bàn làm việc tại nhà siêu tốc - áp dụng cho mọi loại bàn
26,cách lắp bàn làm việc,https://noithattheone.vn/tin-tuc/cach-lap-ban-lam-viec.html ,,,,,hướng dẫn lắp bàn ghế học sinh
27,cách lắp bàn học sinh,https://noithattheone.vn/tin-tuc/cach-lap-ban-hoc-sinh.html ,,,,,quy trình sản xuất bàn ghế học sinh
28,quy trình sản xuất bàn ghế học sinh,https://noithattheone.vn/tin-tuc/quy-trinh-san-xuat-ban-ghe-hoc-sinh.html ,,,,,kích thước bàn làm việc tiêu chuẩn
29,kích thước bàn làm việc tiêu chuẩn,https://noithattheone.vn/tin-tuc/kich-thuoc-ban-lam-viec-tieu-chuan.html ,,,,,kích thước bàn giám đốc tiêu chuẩn
30,kích thước bàn giám đốc,https://noithattheone.vn/tin-tuc/kich-thuoc-ban-giam-doc.html ,,,,,Kích thước bàn giáo viên theo kích thước phòng học tiêu chuẩn
31,kích thước bàn giáo viên,https://noithattheone.vn/tin-tuc/kich-thuoc-ban-giao-vien.html ,,,,,kích thước bàn họp
32,kích thước bàn họp,https://noithattheone.vn/tin-tuc/kich-thuoc-ban-hop.html ,,,,,kích thước bàn học cho trẻ mẫu giáo
33,kích thước bàn học cho trẻ mẫu giáo,https://noithattheone.vn/tin-tuc/kich-thuoc-ban-hoc-cho-tre-mau-giao.html ,,,,,kích thước tiêu chuẩn bàn học sinh cấp 1
34,kích thước bàn học sinh cấp 1,https://noithattheone.vn/tin-tuc/kich-thuoc-ban-hoc-sinh-cap-1.html ,,,,,tiêu chuẩn bàn học sinh cấp 2
35,kích thước bàn học sinh cấp 2,https://noithattheone.vn/tin-tuc/kich-thuoc-ban-hoc-sinh-cap-2.html ,,,,,kích thước bàn học sinh cấp 3
36,kích thước bàn học sinh cấp 3,https://noithattheone.vn/tin-tuc/kich-thuoc-ban-hoc-sinh-cap-3.html,,,,,"25 mẫu bàn văn phòng có vách ngăn đơn giản, hiện đại, dễ lắp đặt"
37,bàn làm việc văn phòng có vách ngăn,https://noithattheone.vn/tin-tuc/ban-lam-viec-van-phong-co-vach-ngan.html  ,,,,,mẫu bàn họp văn phòng
38,mẫu bàn họp văn phòng,,,,,,bàn họp 3m
39,bàn họp 3m,https://noithattheone.vn/tin-tuc/ban-hop-3m.html ,,,,,"26 Mẫu bàn làm việc dài 1m8 sang trọng, hiện đại cho mọi không gian"
40,bàn làm việc dài 1m8,https://noithattheone.vn/tin-tuc/ban-lam-viec-dai-1m8.html ,,,,,bàn làm việc dài 2m4
41,bàn làm việc dài 2m4,https://noithattheone.vn/tin-tuc/ban-lam-viec-dai-2m4.html ,,,,,bàn làm việc chân sắt 1m6
42,bàn làm việc chân sắt 1m6,https://noithattheone.vn/tin-tuc/21-ban-lam-viec-chan-sat-thep-1m6-chinh-hang-gia-uu-dai.html ,,,,,"20 mẫu bàn văn phòng 1m bền đẹp, nhỏ gọn, tiện ích & giá tốt"
43,bàn văn phòng 1m,https://noithattheone.vn/tin-tuc/ban-van-phong-1m.html ,,,,,Hướng bàn làm việc là hướng lưng hay mặt? Cách bố trí theo tuổi
,,,,,,,
1,ghế công thái học là gì,https://noithattheone.vn/tin-tuc/ghe-cong-thai-hoc-la-gi.html ,2-3-4,,,,tác dụng của ghế công thái học
2,tác dụng của ghế công thái học,,3-4-5,,,,ngồi ghế công thái học bị đau lưng
3,ngồi ghế công thái học bị đau lưng,,4-5-6,,,,ngồi ghế công thái học đúng cách
4,ngồi ghế công thái học đúng cách,https://noithattheone.vn/tin-tuc/ngoi-ghe-cong-thai-hoc-dung-cach.html ,5-6-7,,,,có nên mua ghế công thái học
5,có nên mua ghế công thái học,,6-7-8,,,,cách chọn ghế học sinh
6,cách chọn ghế học sinh,https://noithattheone.vn/tin-tuc/cach-chon-ghe-hoc-sinh.html ,7-8-9,,,,"Kích thước ghế công thái học chuẩn quốc tế, Việt Nam & cách chọn"
7,kích thước ghế công thái học,https://noithattheone.vn/tin-tuc/kich-thuoc-ghe-cong-thai-hoc.html  ,8-9-10,,,,kích thước ghế xoay văn phòng
8,kích thước ghế xoay văn phòng,,9-10-11,,,,kích thước ghế chân quỳ
9,kích thước ghế chân quỳ,https://noithattheone.vn/tin-tuc/kich-thuoc-ghe-chan-quy.html ,10-11-12,,,,Kích thước ghế hội trường theo TCVN & cách bố trí khoa học
10,kích thước ghế hội trường,https://noithattheone.vn/tin-tuc/kich-thuoc-ghe-hoi-truong.html,11-12-13,,,,tựa ghế văn phòng
11,tựa ghế văn phòng,,13-14-15,,,,cách chỉnh ghế công thái học
12,cách sử dụng ghế công thái học,https://noithattheone.vn/tin-tuc/cach-su-dung-ghe-cong-thai-hoc.html ,14-15-16,,,,cách sử dụng ghế xoay văn phòng
13,cách sử dụng ghế xoay văn phòng,,15-16-17,,,,cách chỉnh ghế xoay ngả lưng
14,cách chỉnh ghế xoay ngả lưng,https://noithattheone.vn/tin-tuc/cach-chinh-ghe-xoay-nga-lung.html ,16-17-18,,,,cách ngả ghế công thái học
15,cách ngả ghế công thái học,,17-18-19,,,,cách lắp ráp ghế công thái học
16,cách lắp ghế công thái học,https://noithattheone.vn/tin-tuc/cach-lap-ghe-cong-thai-hoc.html ,18-19-20,,,,cách lắp ghế xoay văn phòng
17,cách lắp ghế xoay văn phòng,,19-20-21,,,,cách lắp ráp ghế xoay lưới
18,cách lắp ráp ghế xoay lưới,https://noithattheone.vn/tin-tuc/cach-lap-rap-ghe-xoay-luoi.html ,20-21-22,,,,6 nguyên nhân và cách khắc phục ghế xoay không ngả được hiệu quả
19,ghế xoay không ngả được,https://noithattheone.vn/tin-tuc/ghe-xoay-khong-nga-duoc-hieu-qua.html ,21-22-23,,,,hướng dẫn sửa ghế xoay văn phòng
20,hướng dẫn sửa ghế xoay văn phòng,,22-23-24,,,,cách tháo ghế xoay văn phòng
21,cách tháo ghế xoay văn phòng,,23-24-25,,,,cách tháo bánh xe ghế xoay văn phòng
22,cách tháo bánh xe ghế xoay văn phòng,https://noithattheone.vn/tin-tuc/cach-thao-banh-xe-ghe-xoay-van-phong.html ,24-25-26,,,,"Thay lưới ghế công thái học: hướng dẫn, 24 địa chỉ sửa & mẹo hay"
23,thay lưới ghế công thái học,https://noithattheone.vn/tin-tuc/thay-luoi-ghe-cong-thai-hoc.html ,25-26-27,,,,thay lưới ghế văn phòng
24,thay lưới ghế văn phòng,,26-27-28,,,,vệ sinh ghế công thái học
25,vệ sinh ghế công thái học,https://noithattheone.vn/tin-tuc/ve-sinh-ghe-cong-thai-hoc.html ,27-28-1,,,,cách vệ sinh ghế lưới
26,vệ sinh ghế lưới,https://noithattheone.vn/tin-tuc/ve-sinh-ghe-luoi.html ,28-1-2,,,,vệ sinh ghế xoay văn phòng
27,cách vệ sinh ghế xoay văn phòng,https://noithattheone.vn/tin-tuc/cach-ve-sinh-ghe-xoay-van-phong.html ,1-2-3,,,,Ghế công thái học là gì? Tác dụng ra sao? Có nên mua không?
,,,,,,,
1,két sắt nên để ở đâu,https://noithattheone.vn/tin-tuc/ket-sat-nen-de-o-dau.html,,,,,vị trí để két sắt trong phòng ngủ
2,vị trí để két sắt trong phòng ngủ,https://noithattheone.vn/tin-tuc/vi-tri-de-ket-sat-trong-phong-ngu.html ,,,,,két sắt chống cháy
3,két sắt chống cháy,,,,,,két sắt nặng bao nhiêu kg
4,két sắt nặng bao nhiêu kg,https://noithattheone.vn/tin-tuc/ket-sat-nang-bao-nhieu-kg.html ,,,,,kích thước két sắt gia đình
5,kích thước két sắt,https://noithattheone.vn/tin-tuc/kich-thuoc-ket-sat.html ,,,,,kinh nghiệm mua két sắt gia đình
6,kinh nghiệm mua két sắt gia đình,https://noithattheone.vn/tin-tuc/kinh-nghiem-mua-ket-sat-gia-dinh.html ,,,,,nên mua két sắt cơ hay điện tử
7,nên mua két sắt cơ hay điện tử,,,,,,giá két sắt gia đình
8,giá két sắt gia đình,,,,,,cách sử dụng két sắt điện tử
9,cách sử dụng két sắt điện tử,,,,,,cách cài đặt két sắt điện tử
10,cách cài đặt két sắt điện tử,,,,,,cách đổi mật khẩu két sắt cơ 4 số
11,cách đổi mật khẩu két sắt cơ 4 số,https://noithattheone.vn/tin-tuc/cach-doi-mat-khau-ket-sat-co-4-so.html,,,,,cách đổi mật mã két sắt điện tử
12,cách đổi mật mã két sắt điện tử,https://noithattheone.vn/tin-tuc/cach-doi-mat-ma-ket-sat-dien-tu.html ,,,,,Hướng dẫn 4 cách đổi mật khẩu két sắt mini có vân tay
13,cách đổi mật khẩu két sắt mini có vân tay,https://noithattheone.vn/tin-tuc/cach-doi-mat-khau-ket-sat-mini-co-van-tay.html ,,,,,cách đóng két sắt điện tử
14,cách đóng két sắt điện tử,,,,,,thay pin két sắt điện tử
15,thay pin két sắt điện tử,https://noithattheone.vn/tin-tuc/thay-pin-ket-sat-dien-tu.html,,,,,Két sắt không mở được: 11 nguyên nhân và cách khắc phục tại nhà
16,két sắt không mở được,https://noithattheone.vn/tin-tuc/ket-sat-khong-mo-duoc.html ,,,,,cách sửa két sắt điện tử
17,cách sửa két sắt điện tử,,,,,,cách phá két sắt điện tử
18,cách phá két sắt điện tử,,,,,,két sắt nên để ở đâu
,,,,,,,
1,bố trí phòng làm việc tại cơ quan,,,,,,cách bố trí phòng làm việc của lãnh đạo
2,cách bố trí phòng làm việc của lãnh đạo,https://noithattheone.vn/tin-tuc/cach-bo-tri-phong-lam-viec-cua-lanh-dao.html,,,,,cách bố trí văn phòng làm việc nhỏ
3,cách bố trí văn phòng làm việc nhỏ,https://noithattheone.vn/tin-tuc/cach-bo-tri-van-phong-lam-viec-nho.html,,,,,nguyên tắc bố trí văn phòng làm việc
4,nguyên tắc bố trí văn phòng làm việc,https://noithattheone.vn/tin-tuc/nguyen-tac-bo-tri-van-phong-lam-viec.html,,,,,phong thủy văn phòng xanh
5,phong thủy văn phòng xanh,,,,,,cách thiết kế văn phòng làm việc
6,cách thiết kế văn phòng làm việc,,,,,,quy trình thiết kế nội thất văn phòng
7,quy trình thiết kế nội thất văn phòng,,,,,,tiêu chuẩn thiết kế trụ sở văn phòng làm việc
8,tiêu chuẩn thiết kế trụ sở văn phòng làm việc,,,,,,văn phòng mở
9,văn phòng mở,,,,,,văn phòng đóng là gì
10,văn phòng đóng là gì,,,,,,mô hình văn phòng xanh
11,mô hình văn phòng xanh,,,,,,xây dựng văn phòng xanh
12,xây dựng văn phòng xanh,,,,,,so sánh văn phòng đóng – văn phòng mở
13,so sánh văn phòng đóng – văn phòng mở,https://noithattheone.vn/tin-tuc/so-sanh-van-phong-dong-van-phong-mo.html,,,,,ưu điểm nhược điểm của văn phòng đóng
14,ưu điểm nhược điểm của văn phòng đóng,,,,,,trang trí văn phòng công ty du lịch
15,bố trí phòng ăn,,,,,,
16,bố trí quầy bar ngăn bếp với phòng ăn,,,,,,
17,lưu ý bố trí phòng học ở trường,,,,,,
18,kích thước ghế quầy bar,https://noithattheone.vn/tin-tuc/huong-dan-chon-kich-thuoc-ghe-quay-bar-chuan-va-thoai-mai-nhat.html,12-13-14,,,,
19,kích thước quầy lễ tân,https://noithattheone.vn/tin-tuc/kich-thuoc-quay-le-tan.html,,,,,
20,kích thước quầy lễ tân chữ L,,,,,,
21,kích thước quầy lễ tân khách sạn,,,,,,
22,kích thước quầy lễ tân nhà hàng,,,,,,
23,kích thước quầy lễ tân spa,,,,,,
24,trang trí quầy lễ tân,,,,,,
25,bố trí phòng nhà ống,,,,,,
,,,,,,,
1,Nguyên tắc bố trí văn phòng làm việc,https://noithattheone.vn/phong-cach-noi-that/nguyen-tac-bo-tri-van-phong-lam-viec.html,,,,,phong thủy văn phòng xanh
2,Phong thuỷ văn phòng xanh,https://noithattheone.vn/phong-cach-noi-that/phong-thuy-van-phong-xanh.html,,hình thức bố trí văn phòng,,,cách bố trí phòng làm việc của lãnh đạo
3,Cách bố trí phòng làm việc của lãnh đạo,https://noithattheone.vn/phong-cach-noi-that/cach-bo-tri-phong-lam-viec-cua-lanh-dao.html,,,,,cách bố trí văn phòng làm việc nhỏ
4,Cách bố trí văn phòng làm việc nhỏ,https://noithattheone.vn/phong-cach-noi-that/cach-bo-tri-van-phong-lam-viec-nho.html,,,,,văn phòng mở là gì
5,Văn phòng mở là gì,https://noithattheone.vn/phong-cach-noi-that/van-phong-mo-la-gi.html,,,,,nguyên tắc bố trí văn phòng
,,,,,,,
,,https://noithattheone.vn/phong-cach-noi-that/ban-lam-viec-van-phong-co-vach-ngan.html,,nguyên tắc bố trí văn phòng,,,
,,https://noithattheone.vn/phong-cach-noi-that/ban-van-phong-gom-nhung-loai-nao.html,,bố trí văn phòng hợp lý,,,
,,https://noithattheone.vn/phong-cach-noi-that/ban-van-phong-khung-sat-co-ben-khong.html,,bố trí không gian văn phòng làm việc,,,
,,https://noithattheone.vn/phong-cach-noi-that/ban-van-phong-lap-rap-co-ben-khong.html,,bố trí văn phòng làm việc,,,
,,https://noithattheone.vn/phong-cach-noi-that/so-sanh-van-phong-dong-van-phong-mo.html,,bố trí văn phòng công ty,,,
,,https://noithattheone.vn/phong-cach-noi-that/ban-van-phong-chan-sat-hay-chan-go.html,,cách bố trí văn phòng làm việc,,,
,,https://noithattheone.vn/phong-cach-noi-that/cach-bo-tri-van-phong-lam-viec-nho.html,,các phương pháp bố trí văn phòng,,,
,,https://noithattheone.vn/phong-cach-noi-that/cach-lap-ghe-xoay-van-phong-trong-4-buoc-cho-moi-thiet-ke.html,,nguyên tắc bố trí văn phòng,,,
,,https://noithattheone.vn/phong-cach-noi-that/cach-bo-tri-phong-lam-viec-cua-lanh-dao.html,,bố trí văn phòng hợp lý,,,
,,https://noithattheone.vn/phong-cach-noi-that/van-phong-mo-la-gi.html,,bố trí không gian văn phòng làm việc,,,
,,https://noithattheone.vn/phong-cach-noi-that/trang-tri-ban-lam-viec-tai-van-phong.html,,bố trí văn phòng làm việc,,,
,,https://noithattheone.vn/phong-cach-noi-that/kich-thuoc-ban-lam-viec-tieu-chuan.html,,bố trí văn phòng công ty,,,
,,https://noithattheone.vn/phong-cach-noi-that/huong-ban-lam-viec.html,,cách bố trí văn phòng làm việc,,,
,,https://noithattheone.vn/phong-cach-noi-that/ke-ban-lam-viec-trong-phong-ngu.html,,các phương pháp bố trí văn phòng,,,
,,https://noithattheone.vn/phong-cach-noi-that/cach-chinh-ghe-xoay-nga-lung.html,,bố trí văn phòng đẹp,,,
,,https://noithattheone.vn/phong-cach-noi-that/ban-van-phong-1m.html,,nguyên tắc bố trí văn phòng,,,
,,https://noithattheone.vn/phong-cach-noi-that/van-phong-dong-la-gi.html,,bố trí văn phòng hợp lý,,,
,,https://noithattheone.vn/noi-that-cong-trinh/ghe-phong-cho-cong-cong,,bố trí không gian văn phòng làm việc,,,
,,https://noithattheone.vn/phong-cach-noi-that/thay-luoi-ghe-cong-thai-hoc.html,,bố trí văn phòng làm việc,,,
,,https://noithattheone.vn/tin-tuc/phong-thuy-mau-sac-trong-van-phong.html,,bố trí văn phòng công ty,,,
,,,,,,,
,,,,cách bố trí văn phòng,,,
,,,,bố trí văn phòng công ty,,,
,,,,cách bố trí văn phòng công ty,,,
,,,,bố trí không gian văn phòng làm việc,,,
,,,,bố trí văn phòng hợp lý,,,
,,,,cách bố trí văn phòng làm việc hiện đại,,,
,,,,bố trí văn phòng đẹp,,,
,,,,bố trí không gian văn phòng,,,
,,,,cách bố trí văn phòng đẹp,,,
,,,,bố trí nội thất văn phòng đẹp,,,
,,,,bố trí phòng làm việc tại cơ quan,,,
,,,,bố trí văn phòng làm việc đẹp,,,
,,,,cách bố trí văn phòng làm việc đẹp,,,
,,,,,,,
,,,,,,,
,Thảo,https://noithattheone.vn/phong-cach-noi-that/ban-lam-viec-doi-dien-cua-ra-vao.html,,bố trí văn phòng theo phong thủy,bố trí văn phòng theo phong thủy,https://noithattheone.vn/phong-cach-noi-that/bi-quyet-phong-thuy-phong-lam-viec.html,ok
,Thảo,https://noithattheone.vn/phong-cach-noi-that/cach-bo-tri-phong-lam-viec-cua-lanh-dao.html,,cách bố trí văn phòng làm việc theo phong thủy,cách bố trí văn phòng làm việc theo phong thủy,https://noithattheone.vn/phong-cach-noi-that/bi-quyet-phong-thuy-phong-lam-viec.html,ok
,Thảo,https://noithattheone.vn/phong-cach-noi-that/cach-bo-tri-van-phong-lam-viec-nho.html,,cách bố trí văn phòng theo phong thủy,cách bố trí văn phòng theo phong thủy,https://noithattheone.vn/phong-cach-noi-that/bi-quyet-phong-thuy-phong-lam-viec.html,ok
,Thảo,https://noithattheone.vn/phong-cach-noi-that/ban-lam-viec-van-phong-co-vach-ngan.html,,phong thủy bố trí văn phòng,phong thủy bố trí văn phòng,https://noithattheone.vn/phong-cach-noi-that/bi-quyet-phong-thuy-phong-lam-viec.html,ok
,Thảo,https://noithattheone.vn/phong-cach-noi-that/nguyen-tac-bo-tri-van-phong-lam-viec.html,,sắp xếp văn phòng theo phong thủy,sắp xếp văn phòng theo phong thủy,https://noithattheone.vn/phong-cach-noi-that/bi-quyet-phong-thuy-phong-lam-viec.html,ok
,Thảo,https://noithattheone.vn/phong-cach-noi-that/huong-ban-lam-viec.html,,phong thủy hướng ngồi văn phòng,phong thủy hướng ngồi văn phòng,https://noithattheone.vn/phong-cach-noi-that/bi-quyet-phong-thuy-phong-lam-viec.html,ok
,Thảo,https://noithattheone.vn/phong-cach-noi-that/cach-lap-ban-lam-viec.html,,phong thủy văn phòng làm việc,phong thủy văn phòng làm việc,https://noithattheone.vn/phong-cach-noi-that/bi-quyet-phong-thuy-phong-lam-viec.html,ok
,Thảo,https://noithattheone.vn/phong-cach-noi-that/kich-thuoc-ban-lam-viec-tieu-chuan.html,,phong thủy trong văn phòng làm việc,phong thủy trong văn phòng làm việc,https://noithattheone.vn/phong-cach-noi-that/bi-quyet-phong-thuy-phong-lam-viec.html,ok
,Thảo,https://noithattheone.vn/phong-cach-noi-that/ke-ban-lam-viec-trong-phong-ngu.html,,phong thủy trong bài trí văn phòng,phong thủy trong bài trí văn phòng,https://noithattheone.vn/phong-cach-noi-that/bi-quyet-phong-thuy-phong-lam-viec.html,ok
,Thảo,https://noithattheone.vn/phong-cach-noi-that/chon-huong-ban-lam-viec-nam-2025-chuan-phong-thuy-giup-su-nghiep-thang-tien.html,,cách bài trí phong thủy trong văn phòng,cách bài trí phong thủy trong văn phòng,https://noithattheone.vn/phong-cach-noi-that/bi-quyet-phong-thuy-phong-lam-viec.html,ok
,Thảo,https://noithattheone.vn/phong-cach-noi-that/trang-tri-ban-lam-viec-tai-van-phong.html,,cách xem phong thủy văn phòng,cách xem phong thủy văn phòng,https://noithattheone.vn/phong-cach-noi-that/bi-quyet-phong-thuy-phong-lam-viec.html,ok
,Thảo,https://noithattheone.vn/phong-cach-noi-that/21-ban-lam-viec-chan-sat-thep-1m6-chinh-hang-gia-uu-dai.html,,khái niệm phong thủy trong văn phòng,khái niệm phong thủy trong văn phòng,https://noithattheone.vn/phong-cach-noi-that/bi-quyet-phong-thuy-phong-lam-viec.html,ok
,Thảo,https://noithattheone.vn/phong-cach-noi-that/huong-ban-lam-viec-theo-tuoi.html,,phong thuỷ cho văn phòng làm việc,phong thuỷ cho văn phòng làm việc,https://noithattheone.vn/phong-cach-noi-that/bi-quyet-phong-thuy-phong-lam-viec.html,404
,Thảo,https://noithattheone.vn/phong-cach-noi-that/ban-van-phong-1m.html,,phong thuỷ cho văn phòng làm việc,phong thuỷ cho văn phòng làm việc,https://noithattheone.vn/phong-cach-noi-that/bi-quyet-phong-thuy-phong-lam-viec.html,ok
,Thảo,https://noithattheone.vn/phong-cach-noi-that/cach-su-dung-ghe-xoay-van-phong.html,,phong thủy khi thiết kế văn phòng,phong thủy khi thiết kế văn phòng,https://noithattheone.vn/phong-cach-noi-that/bi-quyet-phong-thuy-phong-lam-viec.html,ok
,Thảo,https://noithattheone.vn/phong-cach-noi-that/kich-thuoc-ghe-xoay-van-phong.html,,phong thủy nơi văn phòng,phong thủy nơi văn phòng,https://noithattheone.vn/phong-cach-noi-that/bi-quyet-phong-thuy-phong-lam-viec.html,ôk
,Thảo,https://noithattheone.vn/phong-cach-noi-that/cach-lap-ghe-xoay-van-phong-trong-4-buoc-cho-moi-thiet-ke.html,,phong thủy phòng làm việc,phong thủy phòng làm việc,https://noithattheone.vn/phong-cach-noi-that/bi-quyet-phong-thuy-phong-lam-viec.html,ok
,Thảo,https://noithattheone.vn/phong-cach-noi-that/huong-dan-sua-ghe-xoay-van-phong.html,,phong thủy trong nội thất văn phòng,phong thủy trong nội thất văn phòng,https://noithattheone.vn/phong-cach-noi-that/bi-quyet-phong-thuy-phong-lam-viec.html,ok
,Thảo,https://noithattheone.vn/phong-cach-noi-that/cach-thao-banh-xe-ghe-xoay-van-phong.html,,phong thủy trong văn phòng,phong thủy trong văn phòng,https://noithattheone.vn/phong-cach-noi-that/bi-quyet-phong-thuy-phong-lam-viec.html,ok
,Thảo,https://noithattheone.vn/phong-cach-noi-that/cach-thao-ghe-xoay-van-phong.html,,phong thủy văn phòng,phong thủy văn phòng,https://noithattheone.vn/phong-cach-noi-that/bi-quyet-phong-thuy-phong-lam-viec.html,ok
,Thảo,https://noithattheone.vn/phong-cach-noi-that/cach-ve-sinh-ghe-xoay-van-phong.html,,phong thủy văn phòng công ty,phong thủy văn phòng công ty,https://noithattheone.vn/phong-cach-noi-that/bi-quyet-phong-thuy-phong-lam-viec.html,ok
,Thảo,https://noithattheone.vn/phong-cach-noi-that/trang-tri-van-phong-cong-ty-du-lich.html,,phong thủy văn phòng công ty,phong thủy văn phòng công ty,https://noithattheone.vn/phong-cach-noi-that/bi-quyet-phong-thuy-phong-lam-viec.html,ok
,Thảo,https://noithattheone.vn/phong-cach-noi-that/van-phong-mo-la-gi.html,,phong thủy văn phòng công ty,phong thủy văn phòng công ty,https://noithattheone.vn/phong-cach-noi-that/bi-quyet-phong-thuy-phong-lam-viec.html,ok
,Thảo,https://noithattheone.vn/phong-cach-noi-that/so-sanh-van-phong-dong-van-phong-mo.html,,sắp xếp văn phòng hợp phong thủy,sắp xếp văn phòng hợp phong thủy,https://noithattheone.vn/phong-cach-noi-that/bi-quyet-phong-thuy-phong-lam-viec.html,ok
,Thảo,https://noithattheone.vn/phong-cach-noi-that/phong-thuy-van-phong-xanh.html,,văn phòng công ty theo phong thủy,văn phòng công ty theo phong thủy,https://noithattheone.vn/phong-cach-noi-that/bi-quyet-phong-thuy-phong-lam-viec.html,ok
,Thảo,https://noithattheone.vn/phong-cach-noi-that/quy-trinh-thiet-ke-noi-that-van-phong.html,,văn phòng hợp phong thủy,văn phòng hợp phong thủy,https://noithattheone.vn/phong-cach-noi-that/bi-quyet-phong-thuy-phong-lam-viec.html,ok
,Thảo,https://noithattheone.vn/phong-cach-noi-that/mo-hinh-van-phong-xanh.html,,bố trí văn phòng theo phong thủy,bố trí văn phòng theo phong thủy,https://noithattheone.vn/phong-cach-noi-that/bi-quyet-phong-thuy-phong-lam-viec.html,ok
,Thảo,https://noithattheone.vn/phong-cach-noi-that/ban-van-phong-chan-sat-hay-chan-go.html,,cách bố trí văn phòng làm việc theo phong thủy,cách bố trí văn phòng làm việc theo phong thủy,https://noithattheone.vn/phong-cach-noi-that/bi-quyet-phong-thuy-phong-lam-viec.html,ok
,Thảo,https://noithattheone.vn/phong-cach-noi-that/ban-van-phong-go-hay-kim-loai.html,,cách bố trí văn phòng theo phong thủy,cách bố trí văn phòng theo phong thủy,https://noithattheone.vn/phong-cach-noi-that/bi-quyet-phong-thuy-phong-lam-viec.html,ok
,Thảo,https://noithattheone.vn/phong-cach-noi-that/ban-van-phong-gom-nhung-loai-nao.html,,phong thủy bố trí văn phòng,phong thủy bố trí văn phòng,https://noithattheone.vn/phong-cach-noi-that/bi-quyet-phong-thuy-phong-lam-viec.html,ok
,Thảo,https://noithattheone.vn/phong-cach-noi-that/ban-van-phong-khung-sat-co-ben-khong.html,,sắp xếp văn phòng theo phong thủy,sắp xếp văn phòng theo phong thủy,https://noithattheone.vn/phong-cach-noi-that/bi-quyet-phong-thuy-phong-lam-viec.html,ok
,Thảo,https://noithattheone.vn/phong-cach-noi-that/ban-van-phong-lap-rap-co-ben-khong.html,,phong thủy hướng ngồi văn phòng,phong thủy hướng ngồi văn phòng,https://noithattheone.vn/phong-cach-noi-that/bi-quyet-phong-thuy-phong-lam-viec.html,ok
,Thảo,https://noithattheone.vn/phong-cach-noi-that/ban-van-phong-the-one.html,,phong thủy văn phòng làm việc,phong thủy văn phòng làm việc,https://noithattheone.vn/phong-cach-noi-that/bi-quyet-phong-thuy-phong-lam-viec.html,ok
,Thảo,https://noithattheone.vn/phong-cach-noi-that/cach-chon-ban-van-phong.html,,phong thủy trong văn phòng làm việc,phong thủy trong văn phòng làm việc,https://noithattheone.vn/phong-cach-noi-that/bi-quyet-phong-thuy-phong-lam-viec.html,ok
,Thảo,https://noithattheone.vn/phong-cach-noi-that/cach-ve-sinh-ban-van-phong.html,,phong thủy trong bài trí văn phòng,phong thủy trong bài trí văn phòng,https://noithattheone.vn/phong-cach-noi-that/bi-quyet-phong-thuy-phong-lam-viec.html,ok
,Thảo,https://noithattheone.vn/phong-cach-noi-that/ghe-xoay-van-phong-la-gi.html,,cách bài trí phong thủy trong văn phòng,cách bài trí phong thủy trong văn phòng,https://noithattheone.vn/phong-cach-noi-that/bi-quyet-phong-thuy-phong-lam-viec.html,ok
,Thảo,https://noithattheone.vn/phong-cach-noi-that/tieu-chuan-de-xay-dung-van-phong-xanh.html,,cách xem phong thủy văn phòng,cách xem phong thủy văn phòng,https://noithattheone.vn/phong-cach-noi-that/bi-quyet-phong-thuy-phong-lam-viec.html,ok
,Thảo,https://noithattheone.vn/phong-cach-noi-that/vach-ngan-van-phong-xu-the-tro-lai.html,,khái niệm phong thủy trong văn phòng,khái niệm phong thủy trong văn phòng,https://noithattheone.vn/phong-cach-noi-that/bi-quyet-phong-thuy-phong-lam-viec.html,ok
,Thảo,https://noithattheone.vn/phong-cach-noi-that/van-phong-xanh--xu-huong-thiet-ke-van-phong-cua-tuong-lai.html,,phong thuỷ cho văn phòng làm việc,phong thuỷ cho văn phòng làm việc,https://noithattheone.vn/phong-cach-noi-that/bi-quyet-phong-thuy-phong-lam-viec.html,ok
,Thảo,https://noithattheone.vn/phong-cach-noi-that/xu-huong-ban-van-phong-hien-nay.html,,phong thủy khi thiết kế văn phòng,phong thủy khi thiết kế văn phòng,https://noithattheone.vn/phong-cach-noi-that/bi-quyet-phong-thuy-phong-lam-viec.html,ok
,,,,,,,
,,,,,,,
,Tuấn,https://noithattheone.vn/phong-cach-noi-that/ban-ghe-giao-vien-noi-that-the-one.html,,cách lắp ghế xoay văn phòng,cách lắp ghế xoay văn phòng,https://noithattheone.vn/phong-cach-noi-that/cach-lap-rap-ghe-xoay-luoi.html,ok
,Tuấn,https://noithattheone.vn/phong-cach-noi-that/bo-suu-tap-ban-ghe-hoc-danh-cho-be-thong-minh-tu-noi-that-the-one-1.html,,lắp ráp ghế xoay văn phòng,lắp ráp ghế xoay văn phòng,https://noithattheone.vn/phong-cach-noi-that/cach-lap-rap-ghe-xoay-luoi.html,ok
,Tuấn,https://noithattheone.vn/phong-cach-noi-that/cach-nga-ghe-cong-thai-hoc.html,,các bước lắp ráp ghế xoay lưới,các bước lắp ráp ghế xoay lưới,https://noithattheone.vn/phong-cach-noi-that/cach-lap-rap-ghe-xoay-luoi.html,ok
,Tuấn,https://noithattheone.vn/phong-cach-noi-that/ghe-xoay-van-phong-la-gi.html,,cách lắp ráp ghế xoay lưới,cách lắp ráp ghế xoay lưới,https://noithattheone.vn/phong-cach-noi-that/cach-lap-rap-ghe-xoay-luoi.html,ok
,Tuấn,https://noithattheone.vn/phong-cach-noi-that/kinh-nghiem-chon-mua-ghe-lanh-dao-ai-cung-nen-biet.html,,mẹo giúp lắp ráp ghế xoay lưới nhanh,mẹo giúp lắp ráp ghế xoay lưới nhanh,https://noithattheone.vn/phong-cach-noi-that/cach-lap-rap-ghe-xoay-luoi.html,ok
,Tuấn,https://noithattheone.vn/phong-cach-noi-that/ngoi-ghe-cong-thai-hoc-bi-dau-lung.html,,cách lắp ghế xoay văn phòng,cách lắp ghế xoay văn phòng,https://noithattheone.vn/phong-cach-noi-that/cach-lap-rap-ghe-xoay-luoi.html,ok
,Tuấn,https://noithattheone.vn/phong-cach-noi-that/nhung-dieu-can-chu-y-khi-mua-ghe-phong-cho-cho-benh-vien.html,,lắp ráp ghế xoay văn phòng,lắp ráp ghế xoay văn phòng,https://noithattheone.vn/phong-cach-noi-that/cach-lap-rap-ghe-xoay-luoi.html,ok
,Tuấn,https://noithattheone.vn/phong-cach-noi-that/top-ban-ghe-hoc-sinh-duoc-yeu-thich-nhat-tu-noi-that-hoa-phat.html,,các bước lắp ráp ghế xoay lưới,các bước lắp ráp ghế xoay lưới,https://noithattheone.vn/phong-cach-noi-that/cach-lap-rap-ghe-xoay-luoi.html,ok
,Tuấn,https://noithattheone.vn/phong-cach-noi-that/tu-van-chon-ban-ghe-hoc-sinh-tai-nha-sao-cho-dung.html,,cách lắp ráp ghế xoay lưới,cách lắp ráp ghế xoay lưới,https://noithattheone.vn/phong-cach-noi-that/cach-lap-rap-ghe-xoay-luoi.html,ok
,Tuấn,https://noithattheone.vn/phong-cach-noi-that/khoang-cach-giua-ban-va-ghe-hoc-sinh.html,,mẹo giúp lắp ráp ghế xoay lưới nhanh,mẹo giúp lắp ráp ghế xoay lưới nhanh,https://noithattheone.vn/phong-cach-noi-that/cach-lap-rap-ghe-xoay-luoi.html,ok
,Tuấn,https://noithattheone.vn/phong-cach-noi-that/quy-trinh-san-xuat-ban-ghe-hoc-sinh.html,,cách lắp ghế xoay văn phòng,cách lắp ghế xoay văn phòng,https://noithattheone.vn/phong-cach-noi-that/cach-lap-rap-ghe-xoay-luoi.html,ok
,Tuấn,https://noithattheone.vn/phong-cach-noi-that/thay-luoi-ghe-cong-thai-hoc.html,,lắp ráp ghế xoay văn phòng,lắp ráp ghế xoay văn phòng,https://noithattheone.vn/phong-cach-noi-that/cach-lap-rap-ghe-xoay-luoi.html,ok
,Tuấn,https://noithattheone.vn/phong-cach-noi-that/huong-dan-chon-kich-thuoc-ghe-quay-bar-chuan-va-thoai-mai-nhat.html,,các bước lắp ráp ghế xoay lưới,các bước lắp ráp ghế xoay lưới,https://noithattheone.vn/phong-cach-noi-that/cach-lap-rap-ghe-xoay-luoi.html,ok
,Tuấn,https://noithattheone.vn/phong-cach-noi-that/cach-chinh-ghe-xoay-nga-lung.html,,cách lắp ráp ghế xoay lưới,cách lắp ráp ghế xoay lưới,https://noithattheone.vn/phong-cach-noi-that/cach-lap-rap-ghe-xoay-luoi.html,ok
,Tuấn,https://noithattheone.vn/phong-cach-noi-that/cach-chon-ghe-hoc-sinh.html,,mẹo giúp lắp ráp ghế xoay lưới nhanh,mẹo giúp lắp ráp ghế xoay lưới nhanh,https://noithattheone.vn/phong-cach-noi-that/cach-lap-rap-ghe-xoay-luoi.html,ok
,Tuấn,https://noithattheone.vn/phong-cach-noi-that/cach-lap-rap-ghe-xoay-luoi.html,,cách lắp ghế xoay văn phòng,cách lắp ghế xoay văn phòng,https://noithattheone.vn/phong-cach-noi-that/cach-lap-rap-ghe-xoay-luoi.html,ok
,Tuấn,https://noithattheone.vn/phong-cach-noi-that/kich-thuoc-ghe-chan-quy.html,,lắp ráp ghế xoay văn phòng,lắp ráp ghế xoay văn phòng,https://noithattheone.vn/phong-cach-noi-that/cach-lap-rap-ghe-xoay-luoi.html,ok
,Tuấn,https://noithattheone.vn/phong-cach-noi-that/ngoi-ghe-cong-thai-hoc-dung-cach.html,,các bước lắp ráp ghế xoay lưới,các bước lắp ráp ghế xoay lưới,https://noithattheone.vn/phong-cach-noi-that/cach-lap-rap-ghe-xoay-luoi.html,ok
,Tuấn,https://noithattheone.vn/phong-cach-noi-that/cach-su-dung-ghe-cong-thai-hoc.html,,cách lắp ráp ghế xoay lưới,cách lắp ráp ghế xoay lưới,https://noithattheone.vn/phong-cach-noi-that/cach-lap-rap-ghe-xoay-luoi.html,ok
,Tuấn,https://noithattheone.vn/phong-cach-noi-that/ghe-cong-thai-hoc-la-gi.html,,mẹo giúp lắp ráp ghế xoay lưới nhanh,mẹo giúp lắp ráp ghế xoay lưới nhanh,https://noithattheone.vn/phong-cach-noi-that/cach-lap-rap-ghe-xoay-luoi.html,ok
,Tuấn,https://noithattheone.vn/phong-cach-noi-that/kich-thuoc-ghe-cong-thai-hoc.html,,cách lắp ghế xoay văn phòng,cách lắp ghế xoay văn phòng,https://noithattheone.vn/phong-cach-noi-that/cach-lap-rap-ghe-xoay-luoi.html,ok
,Tuấn,https://noithattheone.vn/phong-cach-noi-that/cach-lap-ghe-cong-thai-hoc.html,,lắp ráp ghế xoay văn phòng,lắp ráp ghế xoay văn phòng,https://noithattheone.vn/phong-cach-noi-that/cach-lap-rap-ghe-xoay-luoi.html,ok
,Tuấn,https://noithattheone.vn/phong-cach-noi-that/ve-sinh-ghe-cong-thai-hoc.html,,các bước lắp ráp ghế xoay lưới,các bước lắp ráp ghế xoay lưới,https://noithattheone.vn/phong-cach-noi-that/cach-lap-rap-ghe-xoay-luoi.html,ok
,Tuấn,https://noithattheone.vn/phong-cach-noi-that/ve-sinh-ghe-luoi.html,,cách lắp ráp ghế xoay lưới,cách lắp ráp ghế xoay lưới,https://noithattheone.vn/phong-cach-noi-that/cach-lap-rap-ghe-xoay-luoi.html,ok
,Tuấn,https://noithattheone.vn/phong-cach-noi-that/kich-thuoc-ghe-hoi-truong.html,,mẹo giúp lắp ráp ghế xoay lưới nhanh,mẹo giúp lắp ráp ghế xoay lưới nhanh,https://noithattheone.vn/phong-cach-noi-that/cach-lap-rap-ghe-xoay-luoi.html,ok
,Tuấn,https://noithattheone.vn/phong-cach-noi-that/cach-su-dung-ghe-xoay-van-phong.html,,cách lắp ghế xoay văn phòng,cách lắp ghế xoay văn phòng,https://noithattheone.vn/phong-cach-noi-that/cach-lap-rap-ghe-xoay-luoi.html,ok
,Tuấn,https://noithattheone.vn/phong-cach-noi-that/kich-thuoc-ghe-xoay-van-phong.html,,lắp ráp ghế xoay văn phòng,lắp ráp ghế xoay văn phòng,https://noithattheone.vn/phong-cach-noi-that/cach-lap-rap-ghe-xoay-luoi.html,ok
,Tuấn,https://noithattheone.vn/phong-cach-noi-that/cach-lap-ghe-xoay-van-phong-trong-4-buoc-cho-moi-thiet-ke.html,,các bước lắp ráp ghế xoay lưới,các bước lắp ráp ghế xoay lưới,https://noithattheone.vn/phong-cach-noi-that/cach-lap-rap-ghe-xoay-luoi.html,ok
,Tuấn,https://noithattheone.vn/phong-cach-noi-that/huong-dan-sua-ghe-xoay-van-phong.html,,cách lắp ráp ghế xoay lưới,cách lắp ráp ghế xoay lưới,https://noithattheone.vn/phong-cach-noi-that/cach-lap-rap-ghe-xoay-luoi.html,ok
,Tuấn,https://noithattheone.vn/phong-cach-noi-that/cach-thao-banh-xe-ghe-xoay-van-phong.html,,mẹo giúp lắp ráp ghế xoay lưới nhanh,mẹo giúp lắp ráp ghế xoay lưới nhanh,https://noithattheone.vn/phong-cach-noi-that/cach-lap-rap-ghe-xoay-luoi.html,ok
,Tuấn,https://noithattheone.vn/phong-cach-noi-that/cach-thao-ghe-xoay-van-phong.html,,cách lắp ghế xoay văn phòng,cách lắp ghế xoay văn phòng,https://noithattheone.vn/phong-cach-noi-that/cach-lap-rap-ghe-xoay-luoi.html,ok
,Tuấn,https://noithattheone.vn/phong-cach-noi-that/cach-ve-sinh-ghe-xoay-van-phong.html,,lắp ráp ghế xoay văn phòng,lắp ráp ghế xoay văn phòng,https://noithattheone.vn/phong-cach-noi-that/cach-lap-rap-ghe-xoay-luoi.html,ok
,Tuấn,https://noithattheone.vn/phong-cach-noi-that/ghe-xoay-khong-nga-duoc.html,,các bước lắp ráp ghế xoay lưới,các bước lắp ráp ghế xoay lưới,https://noithattheone.vn/phong-cach-noi-that/cach-lap-rap-ghe-xoay-luoi.html,ok