anchor,ratio,type
cách lắp ghế xoay văn phòng,9.41,long-tail
cách lắp ráp ghế xoay lưới,8.28,long-tail
lắp ráp ghế xoay văn phòng,8.28,long-tail
các bước lắp ráp ghế xoay lưới,8.28,long-tail
mẹo giúp lắp ráp ghế xoay lưới nhanh,7.1,long-tail
phong thuỷ cho văn phòng làm việc,3.55,long-tail
phong thủy văn phòng công ty,3.55,long-tail
cách bố trí phòng làm việc của lãnh đạo,2.37,long-tail
cách bố trí văn phòng làm việc nhỏ,2.37,long-tail
nguyên tắc bố trí văn phòng,2.37,long-tail
bố trí văn phòng hợp lý,2.37,long-tail
bố trí không gian văn phòng làm việc,2.37,long-tail
bố trí văn phòng công ty,2.37,long-tail
bố trí văn phòng theo phong thủy,2.37,long-tail
cách bố trí văn phòng làm việc theo phong thủy,2.37,long-tail
cách bố trí văn phòng theo phong thủy,2.37,long-tail
phong thủy bố trí văn phòng,2.37,long-tail
sắp xếp văn phòng theo phong thủy,2.37,long-tail
phong thủy hướng ngồi văn phòng,2.37,long-tail
phong thủy văn phòng làm việc,2.37,long-tail
phong thủy trong văn phòng làm việc,2.37,long-tail
phong thủy trong bài trí văn phòng,2.37,long-tail
cách bài trí phong thủy trong văn phòng,2.37,long-tail
cách xem phong thủy văn phòng,2.37,generic
khái niệm phong thủy trong văn phòng,2.37,long-tail
phong thủy khi thiết kế văn phòng,2.37,long-tail
nguyên tắc bố trí văn phòng làm việc,1.78,long-tail
phong thủy văn phòng xanh,1.78,partial
bố trí văn phòng làm việc,1.78,long-tail
chọn hướng bàn làm việc năm 2025,1.18,long-tail
